,Train ACC,Train F1,Train AUC,Test ACC,Test F1,Test AUC
RF Letter 2 Trial 1,1.0,1.0,1.0,0.9448,0.9437718590260963,0.9898657428066051
RF Letter 2 Trial 2,1.0,1.0,1.0,0.949,0.9489557616601055,0.9912982719015341
RF Letter 2 Trial 3,1.0,1.0,1.0,0.9459333333333333,0.9463798041697195,0.9907234727294074
RF Letter 2 Trial 4,1.0,1.0,1.0,0.9418666666666666,0.9408515225006736,0.9895952327584442
RF Letter 2 Trial 5,1.0,1.0,0.9999999999999999,0.9455333333333333,0.9454059472101569,0.9914319299916696
